Người dùng thực hiện thao tác vào lúc 2024-07-24T23:38:12.701574, Số lượng người ghé thăm: 1
Người dùng thực hiện thao tác vào lúc 2024-07-24T23:38:18.822236700, Số lượng người ghé thăm: 2
Người dùng thực hiện thao tác vào lúc 2024-07-24T23:38:18.837578800, Số lượng người ghé thăm: 3
Người dùng thực hiện thao tác vào lúc 2024-07-24T23:38:20.725083400, Số lượng người ghé thăm: 4
Người dùng thực hiện thao tác vào lúc 2024-07-24T23:38:22.580988, Số lượng người ghé thăm: 5
Người dùng thực hiện thao tác vào lúc 2024-07-24T23:38:37.645936600, Số lượng người ghé thăm: 6
Người dùng thực hiện thao tác vào lúc 2024-07-24T23:38:38.894262900, Số lượng người ghé thăm: 7
Người dùng thực hiện thao tác vào lúc 2024-07-24T23:38:40.777101, Số lượng người ghé thăm: 8
Người dùng thực hiện thao tác vào lúc 2024-07-24T23:38:49.248325200, Số lượng người ghé thăm: 9
Người dùng thực hiện thao tác vào lúc 2024-07-24T23:38:59.791778500, Số lượng người ghé thăm: 10
Người dùng thực hiện thao tác vào lúc 2024-07-24T23:39:06.306832100, Số lượng người ghé thăm: 11
Người dùng thực hiện thao tác vào lúc 2024-07-24T23:45:50.148769700, Số lượng người ghé thăm: 1
Người dùng thực hiện thao tác vào lúc 2024-07-24T23:46:30.842014200, Số lượng người ghé thăm: 2
Người dùng thực hiện thao tác vào lúc 2024-07-24T23:46:59.137301, Số lượng người ghé thăm: 1
Người dùng thực hiện thao tác vào lúc 2024-07-24T23:47:37.515209200, Số lượng người ghé thăm: 1
Người dùng thực hiện thao tác vào lúc 2024-07-24T23:47:39.558618500, Số lượng người ghé thăm: 1
Người dùng thực hiện thao tác vào lúc 2024-07-24T23:47:39.863547500, Số lượng người ghé thăm: 2
Người dùng thực hiện thao tác vào lúc 2024-07-24T23:47:40.014215800, Số lượng người ghé thăm: 3
Người dùng thực hiện thao tác vào lúc 2024-07-24T23:47:40.156021300, Số lượng người ghé thăm: 4
Người dùng thực hiện thao tác vào lúc 2024-07-24T23:47:56.695052400, Số lượng người ghé thăm: 5
Người dùng thực hiện thao tác vào lúc 2024-07-24T23:48:07.394447300, Số lượng người ghé thăm: 1
Người dùng thực hiện thao tác vào lúc 2024-07-24T23:49:37.439407400, Số lượng người ghé thăm: 1
Người dùng thực hiện thao tác vào lúc 2024-07-24T23:50:03.818084500, Số lượng người ghé thăm: 1
Người dùng thực hiện thao tác vào lúc 2024-07-24T23:50:22.156549600, Số lượng người ghé thăm: 1
Người dùng thực hiện thao tác vào lúc 2024-07-24T23:51:26.250652700, Số lượng người ghé thăm: 1
Người dùng thực hiện thao tác vào lúc 2024-07-24T23:51:38.629218100, Số lượng người ghé thăm: 2
Người dùng thực hiện thao tác vào lúc 2024-07-24T23:52:04.049786800, Số lượng người ghé thăm: 1
Người dùng thực hiện thao tác vào lúc 2024-07-24T23:52:28.673579100, Số lượng người ghé thăm: 1
Người dùng thực hiện thao tác vào lúc 2024-07-24T23:52:59.590912300, Số lượng người ghé thăm: 2
Người dùng thực hiện thao tác vào lúc 2024-07-24T23:53:34.782292900, Số lượng người ghé thăm: 1
Người dùng thực hiện thao tác vào lúc 2024-07-24T23:53:43.515585500, Số lượng người ghé thăm: 2
Người dùng thực hiện thao tác vào lúc 2024-07-24T23:53:50.313906, Số lượng người ghé thăm: 1
Người dùng thực hiện thao tác vào lúc 2024-07-24T23:55:33.976822100, Số lượng người ghé thăm: 1
Người dùng thực hiện thao tác vào lúc 2024-07-24T23:56:01.506160800, Số lượng người ghé thăm: 1
Người dùng thực hiện thao tác vào lúc 2024-07-24T23:56:13.432565300, Số lượng người ghé thăm: 1
Người dùng thực hiện thao tác vào lúc 2024-07-24T23:57:29.652765800, Số lượng người ghé thăm: 1
Người dùng thực hiện thao tác vào lúc 2024-07-24T23:57:33.115691, Số lượng người ghé thăm: 2
Người dùng thực hiện thao tác vào lúc 2024-07-24T23:57:57.561483600, Số lượng người ghé thăm: 3
Người dùng thực hiện thao tác vào lúc 2024-07-24T23:58:23.403588200, Số lượng người ghé thăm: 1
Người dùng thực hiện thao tác vào lúc 2024-07-24T23:58:27.596279, Số lượng người ghé thăm: 2
Người dùng thực hiện thao tác vào lúc 2024-07-24T23:59:06.225669300, Số lượng người ghé thăm: 3
Người dùng thực hiện thao tác vào lúc 2024-07-24T23:59:11.907991400, Số lượng người ghé thăm: 1
Người dùng thực hiện thao tác vào lúc 2024-07-24T23:59:14.652898600, Số lượng người ghé thăm: 2
Người dùng thực hiện thao tác vào lúc 2024-07-24T23:59:17.060522, Số lượng người ghé thăm: 3
Người dùng thực hiện thao tác vào lúc 2024-07-24T23:59:22.872712700, Số lượng người ghé thăm: 4
Người dùng thực hiện thao tác vào lúc 2024-07-24T23:59:25.426082, Số lượng người ghé thăm: 5
Người dùng thực hiện thao tác vào lúc 2024-07-24T23:59:27.945008, Số lượng người ghé thăm: 6
Người dùng thực hiện thao tác vào lúc 2024-07-24T23:59:31.426017200, Số lượng người ghé thăm: 7
Người dùng thực hiện thao tác vào lúc 2024-07-24T23:59:34.138148400, Số lượng người ghé thăm: 8
Người dùng thực hiện thao tác vào lúc 2024-07-24T23:59:37.240171, Số lượng người ghé thăm: 9
Người dùng thực hiện thao tác vào lúc 2024-07-25T00:00:21.559117700, Số lượng người ghé thăm: 1
Người dùng thực hiện thao tác vào lúc 2024-07-25T00:00:24.980981300, Số lượng người ghé thăm: 2
Người dùng thực hiện thao tác vào lúc 2024-07-25T00:00:27.299119200, Số lượng người ghé thăm: 3
Người dùng thực hiện thao tác vào lúc 2024-07-25T00:00:30.297596100, Số lượng người ghé thăm: 4
Người dùng thực hiện thao tác vào lúc 2024-07-25T00:01:07.075171500, Số lượng người ghé thăm: 1
Người dùng thực hiện thao tác vào lúc 2024-07-25T00:01:55.020181700, Số lượng người ghé thăm: 1
Người dùng thực hiện thao tác vào lúc 2024-07-25T00:02:02.327998100, Số lượng người ghé thăm: 2
Người dùng thực hiện thao tác vào lúc 2024-07-25T00:02:05.530964300, Số lượng người ghé thăm: 1
Người dùng thực hiện thao tác vào lúc 2024-07-25T00:02:15.939663400, Số lượng người ghé thăm: 2
Người dùng thực hiện thao tác vào lúc 2024-07-25T00:04:28.128698500, Số lượng người ghé thăm: 1
Người dùng thực hiện thao tác vào lúc 2024-07-25T00:04:30.834738200, Số lượng người ghé thăm: 2
Người dùng thực hiện thao tác vào lúc 2024-07-25T00:04:34.364360200, Số lượng người ghé thăm: 3
Người dùng thực hiện thao tác vào lúc 2024-07-25T00:05:31.943735700, Số lượng người ghé thăm: 1
Người dùng thực hiện thao tác vào lúc 2024-07-25T00:05:36.051306100, Số lượng người ghé thăm: 2
Người dùng thực hiện thao tác vào lúc 2024-07-25T00:06:41.121154600, Số lượng người ghé thăm: 3
Người dùng thực hiện thao tác vào lúc 2024-07-25T00:06:46.678827, Số lượng người ghé thăm: 1
Người dùng thực hiện thao tác vào lúc 2024-07-25T00:07:07.870429800, Số lượng người ghé thăm: 1
Người dùng thực hiện thao tác vào lúc 2024-07-25T00:07:10.921940, Số lượng người ghé thăm: 2
Người dùng thực hiện thao tác vào lúc 2024-07-25T00:07:33.789065500, Số lượng người ghé thăm: 1
Người dùng thực hiện thao tác vào lúc 2024-07-25T00:07:38.015747400, Số lượng người ghé thăm: 2
Người dùng thực hiện thao tác vào lúc 2024-07-25T00:08:16.210004300, Số lượng người ghé thăm: 3
Người dùng thực hiện thao tác vào lúc 2024-07-25T00:08:18.651893400, Số lượng người ghé thăm: 1
Người dùng thực hiện thao tác vào lúc 2024-07-25T00:08:41.082335800, Số lượng người ghé thăm: 2
Người dùng thực hiện thao tác vào lúc 2024-07-25T00:08:59.031602, Số lượng người ghé thăm: 1
Người dùng thực hiện thao tác vào lúc 2024-07-25T00:09:56.899888600, Số lượng người ghé thăm: 1
Người dùng thực hiện thao tác vào lúc 2024-07-25T00:10:05.728859100, Số lượng người ghé thăm: 2
Người dùng thực hiện thao tác vào lúc 2024-07-25T00:11:18.322419700, Số lượng người ghé thăm: 1
Người dùng thực hiện thao tác vào lúc 2024-07-25T00:11:52.511919400, Số lượng người ghé thăm: 1
Người dùng thực hiện thao tác vào lúc 2024-07-25T00:12:46.686501800, Số lượng người ghé thăm: 2
Người dùng thực hiện thao tác vào lúc 2024-07-25T00:13:09.655568600, Số lượng người ghé thăm: 1
Người dùng thực hiện thao tác vào lúc 2024-07-25T00:13:18.909962800, Số lượng người ghé thăm: 2
Người dùng thực hiện thao tác vào lúc 2024-07-25T00:13:26.002231700, Số lượng người ghé thăm: 1
Người dùng thực hiện thao tác vào lúc 2024-07-25T00:13:35.550788400, Số lượng người ghé thăm: 1
Người dùng thực hiện thao tác vào lúc 2024-07-25T00:14:19.367902700, Số lượng người ghé thăm: 1
Người dùng thực hiện thao tác vào lúc 2024-07-25T00:15:12.049596300, Số lượng người ghé thăm: 1
Người dùng thực hiện thao tác vào lúc 2024-07-25T00:16:27.520868500, Số lượng người ghé thăm: 1
Người dùng thực hiện thao tác vào lúc 2024-07-25T00:16:44.723366700, Số lượng người ghé thăm: 2
